[{"_allAttributes":null,"_properties":null,"_methods":null,"file":"c:/Users/xcl.pedrosaiz/Desktop/teste/Demanda André/Cases/Casesat/contestacao/contestacao/force-app/main/default/lwc/cases/cases.js","metadata":{"decorators":[{"type":"api","targets":[{"type":"property","name":"recordId","value":{"type":"unresolved"}}]},{"type":"wire","targets":[{"name":"myCase","adapter":{"name":"getRecord","reference":"lightning/uiRecordApi"},"type":"property","static":{"fields":{"type":"unresolved","value":"identifier"}},"params":{"recordId":"recordId"}}]}],"exports":[{"type":"ExportDefaultDeclaration"}]},"updatedAt":"2020-09-22T18:58:30.961Z"}]